{
  "accuracy": 0.9128787878787878,
  "macro_f1": 0.9079790764684119,
  "weighted_f1": 0.9079790764684121,
  "per_class": {
    "air_conditioner": {
      "precision": 0.5517241379310345,
      "recall": 0.8484848484848485,
      "f1": 0.6686567164179105
    },
    "car_horn": {
      "precision": 1.0,
      "recall": 0.9924242424242424,
      "f1": 0.9961977186311787
    },
    "children_playing": {
      "precision": 1.0,
      "recall": 0.9696969696969697,
      "f1": 0.9846153846153847
    },
    "dog_bark": {
      "precision": 1.0,
      "recall": 0.9772727272727273,
      "f1": 0.9885057471264368
    },
    "drilling": {
      "precision": 0.9850746268656716,
      "recall": 1.0,
      "f1": 0.9924812030075187
    },
    "engine_idling": {
      "precision": 0.6923076923076923,
      "recall": 0.3409090909090909,
      "f1": 0.45685279187817257
    },
    "gun_shot": {
      "precision": 1.0,
      "recall": 1.0,
      "f1": 1.0
    },
    "jackhammer": {
      "precision": 1.0,
      "recall": 1.0,
      "f1": 1.0
    },
    "siren": {
      "precision": 1.0,
      "recall": 1.0,
      "f1": 1.0
    },
    "street_music": {
      "precision": 0.9850746268656716,
      "recall": 1.0,
      "f1": 0.9924812030075187
    }
  },
  "confusion_matrix": [
    [
      112,
      0,
      0,
      0,
      0,
      20,
      0,
      0,
      0,
      0
    ],
    [
      1,
      131,
      0,
      0,
      0,
      0,
      0,
      0,
      0,
      0
    ],
    [
      0,
      0,
      128,
      0,
      2,
      0,
      0,
      0,
      0,
      2
    ],
    [
      3,
      0,
      0,
      129,
      0,
      0,
      0,
      0,
      0,
      0
    ],
    [
      0,
      0,
      0,
      0,
      132,
      0,
      0,
      0,
      0,
      0
    ],
    [
      87,
      0,
      0,
      0,
      0,
      45,
      0,
      0,
      0,
      0
    ],
    [
      0,
      0,
      0,
      0,
      0,
      0,
      132,
      0,
      0,
      0
    ],
    [
      0,
      0,
      0,
      0,
      0,
      0,
      0,
      132,
      0,
      0
    ],
    [
      0,
      0,
      0,
      0,
      0,
      0,
      0,
      0,
      132,
      0
    ],
    [
      0,
      0,
      0,
      0,
      0,
      0,
      0,
      0,
      0,
      132
    ]
  ],
  "classification_report": {
    "air_conditioner": {
      "precision": 0.5517241379310345,
      "recall": 0.8484848484848485,
      "f1-score": 0.6686567164179105,
      "support": 132.0
    },
    "car_horn": {
      "precision": 1.0,
      "recall": 0.9924242424242424,
      "f1-score": 0.9961977186311787,
      "support": 132.0
    },
    "children_playing": {
      "precision": 1.0,
      "recall": 0.9696969696969697,
      "f1-score": 0.9846153846153847,
      "support": 132.0
    },
    "dog_bark": {
      "precision": 1.0,
      "recall": 0.9772727272727273,
      "f1-score": 0.9885057471264368,
      "support": 132.0
    },
    "drilling": {
      "precision": 0.9850746268656716,
      "recall": 1.0,
      "f1-score": 0.9924812030075187,
      "support": 132.0
    },
    "engine_idling": {
      "precision": 0.6923076923076923,
      "recall": 0.3409090909090909,
      "f1-score": 0.45685279187817257,
      "support": 132.0
    },
    "gun_shot": {
      "precision": 1.0,
      "recall": 1.0,
      "f1-score": 1.0,
      "support": 132.0
    },
    "jackhammer": {
      "precision": 1.0,
      "recall": 1.0,
      "f1-score": 1.0,
      "support": 132.0
    },
    "siren": {
      "precision": 1.0,
      "recall": 1.0,
      "f1-score": 1.0,
      "support": 132.0
    },
    "street_music": {
      "precision": 0.9850746268656716,
      "recall": 1.0,
      "f1-score": 0.9924812030075187,
      "support": 132.0
    },
    "accuracy": 0.9128787878787878,
    "macro avg": {
      "precision": 0.921418108397007,
      "recall": 0.9128787878787878,
      "f1-score": 0.9079790764684119,
      "support": 1320.0
    },
    "weighted avg": {
      "precision": 0.9214181083970071,
      "recall": 0.9128787878787878,
      "f1-score": 0.9079790764684121,
      "support": 1320.0
    }
  },
  "fold_results": [
    {
      "fold": 1,
      "acc": 1.0,
      "f1": 1.0,
      "val_acc": 1.0
    },
    {
      "fold": 2,
      "acc": 0.9263157894736842,
      "f1": 0.9208333333333334,
      "val_acc": 0.9263157894736842
    },
    {
      "fold": 3,
      "acc": 0.9368421052631579,
      "f1": 0.9342437755481233,
      "val_acc": 0.9368421052631579
    },
    {
      "fold": 4,
      "acc": 0.9052631578947369,
      "f1": 0.8947692307692308,
      "val_acc": 0.9052631578947369
    },
    {
      "fold": 5,
      "acc": 0.8789473684210526,
      "f1": 0.8510209506930819,
      "val_acc": 0.8789473684210526
    },
    {
      "fold": 6,
      "acc": 0.9052631578947369,
      "f1": 0.8887446795568206,
      "val_acc": 0.9052631578947369
    },
    {
      "fold": 7,
      "acc": 0.9111111111111111,
      "f1": 0.8935998183057008,
      "val_acc": 0.9111111111111111
    },
    {
      "fold": 8,
      "acc": 0.9222222222222223,
      "f1": 0.9125,
      "val_acc": 0.9222222222222223
    }
  ]
}