{
  "accuracy": 0.884090909090909,
  "macro_f1": 0.8838418659439441,
  "weighted_f1": 0.883841865943944,
  "per_class": {
    "air_conditioner": {
      "precision": 0.591304347826087,
      "recall": 0.5151515151515151,
      "f1": 0.5506072874493927
    },
    "car_horn": {
      "precision": 0.8507462686567164,
      "recall": 0.8636363636363636,
      "f1": 0.8571428571428571
    },
    "children_playing": {
      "precision": 1.0,
      "recall": 0.9772727272727273,
      "f1": 0.9885057471264368
    },
    "dog_bark": {
      "precision": 0.8538461538461538,
      "recall": 0.8409090909090909,
      "f1": 0.8473282442748091
    },
    "drilling": {
      "precision": 0.9924242424242424,
      "recall": 0.9924242424242424,
      "f1": 0.9924242424242424
    },
    "engine_idling": {
      "precision": 0.5733333333333334,
      "recall": 0.6515151515151515,
      "f1": 0.6099290780141844
    },
    "gun_shot": {
      "precision": 1.0,
      "recall": 1.0,
      "f1": 1.0
    },
    "jackhammer": {
      "precision": 1.0,
      "recall": 1.0,
      "f1": 1.0
    },
    "siren": {
      "precision": 1.0,
      "recall": 1.0,
      "f1": 1.0
    },
    "street_music": {
      "precision": 0.9850746268656716,
      "recall": 1.0,
      "f1": 0.9924812030075187
    }
  },
  "confusion_matrix": [
    [
      68,
      0,
      0,
      0,
      0,
      64,
      0,
      0,
      0,
      0
    ],
    [
      0,
      114,
      0,
      18,
      0,
      0,
      0,
      0,
      0,
      0
    ],
    [
      0,
      0,
      129,
      0,
      1,
      0,
      0,
      0,
      0,
      2
    ],
    [
      1,
      20,
      0,
      111,
      0,
      0,
      0,
      0,
      0,
      0
    ],
    [
      0,
      0,
      0,
      1,
      131,
      0,
      0,
      0,
      0,
      0
    ],
    [
      46,
      0,
      0,
      0,
      0,
      86,
      0,
      0,
      0,
      0
    ],
    [
      0,
      0,
      0,
      0,
      0,
      0,
      132,
      0,
      0,
      0
    ],
    [
      0,
      0,
      0,
      0,
      0,
      0,
      0,
      132,
      0,
      0
    ],
    [
      0,
      0,
      0,
      0,
      0,
      0,
      0,
      0,
      132,
      0
    ],
    [
      0,
      0,
      0,
      0,
      0,
      0,
      0,
      0,
      0,
      132
    ]
  ],
  "classification_report": {
    "air_conditioner": {
      "precision": 0.591304347826087,
      "recall": 0.5151515151515151,
      "f1-score": 0.5506072874493927,
      "support": 132.0
    },
    "car_horn": {
      "precision": 0.8507462686567164,
      "recall": 0.8636363636363636,
      "f1-score": 0.8571428571428571,
      "support": 132.0
    },
    "children_playing": {
      "precision": 1.0,
      "recall": 0.9772727272727273,
      "f1-score": 0.9885057471264368,
      "support": 132.0
    },
    "dog_bark": {
      "precision": 0.8538461538461538,
      "recall": 0.8409090909090909,
      "f1-score": 0.8473282442748091,
      "support": 132.0
    },
    "drilling": {
      "precision": 0.9924242424242424,
      "recall": 0.9924242424242424,
      "f1-score": 0.9924242424242424,
      "support": 132.0
    },
    "engine_idling": {
      "precision": 0.5733333333333334,
      "recall": 0.6515151515151515,
      "f1-score": 0.6099290780141844,
      "support": 132.0
    },
    "gun_shot": {
      "precision": 1.0,
      "recall": 1.0,
      "f1-score": 1.0,
      "support": 132.0
    },
    "jackhammer": {
      "precision": 1.0,
      "recall": 1.0,
      "f1-score": 1.0,
      "support": 132.0
    },
    "siren": {
      "precision": 1.0,
      "recall": 1.0,
      "f1-score": 1.0,
      "support": 132.0
    },
    "street_music": {
      "precision": 0.9850746268656716,
      "recall": 1.0,
      "f1-score": 0.9924812030075187,
      "support": 132.0
    },
    "accuracy": 0.884090909090909,
    "macro avg": {
      "precision": 0.8846728972952205,
      "recall": 0.8840909090909091,
      "f1-score": 0.8838418659439441,
      "support": 1320.0
    },
    "weighted avg": {
      "precision": 0.8846728972952206,
      "recall": 0.884090909090909,
      "f1-score": 0.883841865943944,
      "support": 1320.0
    }
  },
  "fold_results": [
    {
      "fold": 1,
      "acc": 0.8,
      "f1": 0.7333333333333333,
      "val_acc": 0.8
    },
    {
      "fold": 2,
      "acc": 0.8947368421052632,
      "f1": 0.8943223443223444,
      "val_acc": 0.8947368421052632
    },
    {
      "fold": 3,
      "acc": 0.8578947368421053,
      "f1": 0.8328439128439129,
      "val_acc": 0.8578947368421053
    },
    {
      "fold": 4,
      "acc": 0.9263157894736842,
      "f1": 0.9258536585365853,
      "val_acc": 0.9263157894736842
    },
    {
      "fold": 5,
      "acc": 0.8526315789473684,
      "f1": 0.8187252091880423,
      "val_acc": 0.8526315789473684
    },
    {
      "fold": 6,
      "acc": 0.8578947368421053,
      "f1": 0.8407139372255651,
      "val_acc": 0.8578947368421053
    },
    {
      "fold": 7,
      "acc": 0.8888888888888888,
      "f1": 0.873050505050505,
      "val_acc": 0.8888888888888888
    },
    {
      "fold": 8,
      "acc": 0.9166666666666666,
      "f1": 0.9083290433290434,
      "val_acc": 0.9166666666666666
    }
  ]
}